{"type": "metrics", "dataset": "train", "precision": 0.6866614048934491, "balanced_accuracy": 0.6596528405854253, "recall": 0.36809815950920244, "f1_score": 0.4792728274342377}
{"type": "metrics", "dataset": "test", "precision": 0.6636197440585009, "balanced_accuracy": 0.6642035267186974, "recall": 0.38030382399161866, "f1_score": 0.4835164835164835}
{"type": "cm_matrix", "dataset": "train", "true_0": {"predicted_0": 15479, "predicted_1": 794}, "true_1": {"predicted_0": 2987, "predicted_1": 1740}}
{"type": "cm_matrix", "dataset": "test", "true_0": {"predicted_0": 6723, "predicted_1": 368}, "true_1": {"predicted_0": 1183, "predicted_1": 726}}
